"Tumor_Sample_Barcode","Hugo_Symbol","Variant_Classification","cosmic_status"
"B060tumor","FSIP2","Missense_Mutation",FALSE
"B060tumor","ABCA13","Nonsense_Mutation",FALSE
"B060tumor","MUC3A","Missense_Mutation",FALSE
"B060tumor","HMCN2","Missense_Mutation",FALSE
"B060tumor","HYDIN","Missense_Mutation",FALSE
"B060tumor","ZNF469","Missense_Mutation",FALSE
"B123tumor","LINC02794","Splice_Site",FALSE
"B123tumor","NBPF10","Missense_Mutation",FALSE
"B123tumor","NBPF10","Nonsense_Mutation",FALSE
"B123tumor","FSIP2","Missense_Mutation",FALSE
"B123tumor","ABCA13","Missense_Mutation",FALSE
"B123tumor","MUC12","Frame_Shift",FALSE
"B123tumor","EPPK1","Frame_Shift",FALSE
"B123tumor","NPIPB11","Nonsense_Mutation",FALSE
"B123tumor","HYDIN","Missense_Mutation",FALSE
"B123tumor","ZNF469","Missense_Mutation",FALSE
"B123tumor","TP53","Splice_Site",TRUE
"B123tumor","RYR1","Missense_Mutation",FALSE
"B125tumor","LINC02794","Splice_Site",FALSE
"B125tumor","NBPF10","Missense_Mutation",FALSE
"B125tumor","FGFR3","Missense_Mutation",TRUE
"B125tumor","MUC12","Frame_Shift",FALSE
"B125tumor","EPPK1","Missense_Mutation",FALSE
"B125tumor","HMCN2","Missense_Mutation",FALSE
"B125tumor","MUC19","Missense_Mutation",FALSE
"B125tumor","KMT2D","Missense_Mutation",TRUE
"B125tumor","NPIPB11","Missense_Mutation",FALSE
"B125tumor","NPIPB11","Frame_Shift",FALSE
"B12tumor","NBPF10","Missense_Mutation",FALSE
"B12tumor","MUC3A","Missense_Mutation",FALSE
"B12tumor","MUC12","Frame_Shift",FALSE
"B12tumor","EPPK1","Missense_Mutation",FALSE
"B12tumor","HMCN2","Missense_Mutation",FALSE
"B12tumor","KMT2D","Frame_Shift",TRUE
"B12tumor","TP53","Missense_Mutation",TRUE
"B12tumor","TSPY10","Missense_Mutation",FALSE
"B134tumor","NBPF10","Missense_Mutation",FALSE
"B134tumor","FSIP2","Missense_Mutation",FALSE
"B134tumor","ABCA13","Missense_Mutation",FALSE
"B134tumor","HMCN2","Missense_Mutation",FALSE
"B134tumor","MUC19","Missense_Mutation",FALSE
"B134tumor","KMT2D","Missense_Mutation",TRUE
"B134tumor","TP53","Missense_Mutation",TRUE
"B134tumor","RYR1","Missense_Mutation",FALSE
"B134tumor","FCGBP","Missense_Mutation",FALSE
"B134tumor","TSPY10","Missense_Mutation",FALSE
"B154tumor","LINC02794","Splice_Site",FALSE
"B154tumor","NBPF10","Missense_Mutation",FALSE
"B154tumor","FGFR3","Missense_Mutation",TRUE
"B154tumor","EPPK1","Missense_Mutation",FALSE
"B154tumor","MUC19","Missense_Mutation",FALSE
"B156tumor","LINC02794","Splice_Site",FALSE
"B156tumor","NBPF10","Missense_Mutation",FALSE
"B156tumor","FSIP2","Missense_Mutation",FALSE
"B156tumor","FGFR3","Missense_Mutation",TRUE
"B156tumor","KMT2D","Splice_Site",TRUE
"B156tumor","KMT2D","Nonsense_Mutation",TRUE
"B156tumor","ZNF469","Missense_Mutation",FALSE
"B157tumor","LINC02794","Splice_Site",FALSE
"B157tumor","NBPF10","Missense_Mutation",FALSE
"B157tumor","FGFR3","Missense_Mutation",TRUE
"B157tumor","ABCA13","Missense_Mutation",FALSE
"B157tumor","MUC12","Missense_Mutation",FALSE
"B157tumor","EPPK1","Missense_Mutation",FALSE
"B157tumor","ZNF469","Missense_Mutation",FALSE
"B157tumor","RYR1","Missense_Mutation",FALSE
"B157tumor","TSPY10","Missense_Mutation",FALSE
"B175tumor","MUC4","Missense_Mutation",TRUE
"B175tumor","ABCA13","Missense_Mutation",FALSE
"B175tumor","EPPK1","Frame_Shift",FALSE
"B175tumor","EPPK1","Missense_Mutation",FALSE
"B175tumor","RYR1","Frame_Shift",FALSE
"B178tumor","NBPF10","Missense_Mutation",FALSE
"B178tumor","ZFHX4","Missense_Mutation",FALSE
"B178tumor","TSPY10","Missense_Mutation",FALSE
"B187tumor","NBPF10","Missense_Mutation",FALSE
"B187tumor","FSIP2","Missense_Mutation",FALSE
"B187tumor","MUC12","Missense_Mutation",FALSE
"B187tumor","ZFHX4","Frame_Shift",FALSE
"B187tumor","HMCN2","Missense_Mutation",FALSE
"B22tumor","LINC02794","Splice_Site",FALSE
"B22tumor","NBPF10","Missense_Mutation",FALSE
"B22tumor","MUC4","Missense_Mutation",TRUE
"B22tumor","FGFR3","Missense_Mutation",TRUE
"B22tumor","MUC19","Splice_Site",FALSE
"B22tumor","NPIPB11","Frame_Shift",FALSE
"B24tumor","NBPF10","Missense_Mutation",FALSE
"B24tumor","MUC4","Missense_Mutation",TRUE
"B24tumor","MUC4","Frame_Shift",TRUE
"B24tumor","FGFR3","Missense_Mutation",TRUE
"B24tumor","MUC3A","Missense_Mutation",FALSE
"B24tumor","HYDIN","Frame_Shift",FALSE
"B24tumor","HYDIN","Missense_Mutation",FALSE
"B32tumor","NBPF10","Missense_Mutation",FALSE
"B32tumor","ZFHX4","Frame_Shift",FALSE
"B32tumor","EPPK1","Missense_Mutation",FALSE
"B32tumor","NPIPB11","Missense_Mutation",FALSE
"B32tumor","TP53","Frame_Shift",TRUE
"B39tumor","ZFHX4","Frame_Shift",FALSE
"B39tumor","ZFHX4","Missense_Mutation",FALSE
"B39tumor","KMT2D","Nonsense_Mutation",TRUE
"B39tumor","NPIPB11","Frame_Shift",FALSE
"B39tumor","HYDIN","Missense_Mutation",FALSE
"B39tumor","TP53","Splice_Site",TRUE
"B42tumor","NBPF10","Missense_Mutation",FALSE
"B42tumor","MUC4","Frame_Shift",TRUE
"B42tumor","ABCA13","Missense_Mutation",FALSE
"B42tumor","ZFHX4","Frame_Shift",FALSE
"B42tumor","KMT2D","Missense_Mutation",TRUE
"B42tumor","TP53","Frame_Shift",TRUE
"B42tumor","TP53","Missense_Mutation",TRUE
"B42tumor","RYR1","Missense_Mutation",FALSE
"B42tumor","FCGBP","Missense_Mutation",FALSE
"B4tumor","NBPF10","Missense_Mutation",FALSE
"B4tumor","MUC4","Missense_Mutation",TRUE
"B4tumor","ZFHX4","Frame_Shift",FALSE
"B4tumor","HMCN2","Missense_Mutation",FALSE
"B4tumor","MUC19","Missense_Mutation",FALSE
"B4tumor","MUC19","Nonsense_Mutation",FALSE
"B4tumor","NPIPB11","In_Frame",FALSE
"B4tumor","NPIPB11","Frame_Shift",FALSE
"B4tumor","HYDIN","Missense_Mutation",FALSE
"B4tumor","FCGBP","Missense_Mutation",FALSE
"B5tumor","LINC02794","Splice_Site",FALSE
"B5tumor","NBPF10","Missense_Mutation",FALSE
"B5tumor","EPPK1","Missense_Mutation",FALSE
"B5tumor","NPIPB11","Missense_Mutation",FALSE
"B5tumor","ZNF469","Missense_Mutation",FALSE
"B5tumor","TSPY10","Missense_Mutation",FALSE
"B67tumor","NBPF10","Missense_Mutation",FALSE
"B67tumor","MUC4","Frame_Shift",TRUE
"B67tumor","ABCA13","Missense_Mutation",FALSE
"B67tumor","MUC3A","Missense_Mutation",FALSE
"B67tumor","ZFHX4","Missense_Mutation",FALSE
"B67tumor","MUC19","Missense_Mutation",FALSE
"B67tumor","NPIPB11","Frame_Shift",FALSE
"B67tumor","FCGBP","Splice_Site",FALSE
"B67tumor","TSPY10","Missense_Mutation",FALSE
"B74tumor","NBPF10","Missense_Mutation",FALSE
"B74tumor","FGFR3","Missense_Mutation",TRUE
"B74tumor","ZFHX4","Frame_Shift",FALSE
"B74tumor","EPPK1","Missense_Mutation",FALSE
"B74tumor","ZNF469","Missense_Mutation",FALSE
"B74tumor","TSPY10","Missense_Mutation",FALSE
"B85tumor","NBPF10","Missense_Mutation",FALSE
"B85tumor","FSIP2","Missense_Mutation",FALSE
"B85tumor","MUC4","Frame_Shift",TRUE
"B85tumor","MUC4","Missense_Mutation",TRUE
"B85tumor","MUC12","Missense_Mutation",FALSE
"B85tumor","EPPK1","Missense_Mutation",FALSE
"B85tumor","KMT2D","Missense_Mutation",TRUE
"B85tumor","HYDIN","Nonsense_Mutation",FALSE
"B85tumor","TP53","Missense_Mutation",TRUE
"B85tumor","RYR1","Missense_Mutation",FALSE
"B85tumor","TSPY10","Missense_Mutation",FALSE
"B87tumor","LINC02794","Splice_Site",FALSE
"B87tumor","NBPF10","Missense_Mutation",FALSE
"B87tumor","MUC3A","Missense_Mutation",FALSE
"B87tumor","ZNF469","In_Frame",FALSE
"B87tumor","FCGBP","Missense_Mutation",FALSE
"B94tumor","NBPF10","Missense_Mutation",FALSE
"B94tumor","MUC4","Frame_Shift",TRUE
"B94tumor","MUC3A","Missense_Mutation",FALSE
"B94tumor","MUC12","Frame_Shift",FALSE
"B94tumor","FCGBP","Nonsense_Mutation",FALSE
"B94tumor","TSPY10","Missense_Mutation",FALSE
