"Tumor_Sample_Barcode","Hugo_Symbol","Variant_Classification"
"B060tumor","ARID1A","Missense_Mutation"
"B060tumor","DCAF6","Missense_Mutation"
"B060tumor","FSIP2","Missense_Mutation"
"B060tumor","TNRC18","Missense_Mutation"
"B060tumor","ABCA13","Nonsense_Mutation"
"B060tumor","HERC1","Missense_Mutation"
"B060tumor","DNAH3","Missense_Mutation"
"B060tumor","HYDIN","Missense_Mutation"
"B123tumor","LINC02794","Splice_Site"
"B123tumor","NBPF10","Missense_Mutation"
"B123tumor","ABCA13","Missense_Mutation"
"B123tumor","ITPR2","Missense_Mutation"
"B123tumor","DNAH3","Missense_Mutation"
"B123tumor","HYDIN","Missense_Mutation"
"B123tumor","TP53","Splice_Site"
"B125tumor","FGFR3","Missense_Mutation"
"B125tumor","EPPK1","Missense_Mutation"
"B125tumor","KMT2D","Missense_Mutation"
"B12tumor","EPPK1","Missense_Mutation"
"B12tumor","ITPR2","Missense_Mutation"
"B12tumor","TP53","Missense_Mutation"
"B134tumor","UBR4","Missense_Mutation"
"B134tumor","FSIP2","Missense_Mutation"
"B134tumor","DNAH5","Missense_Mutation"
"B134tumor","TNRC18","Frame_Shift"
"B134tumor","ITPR2","Missense_Mutation"
"B134tumor","KMT2D","Missense_Mutation"
"B134tumor","TP53","Missense_Mutation"
"B154tumor","LINC02794","Splice_Site"
"B154tumor","FGFR3","Missense_Mutation"
"B154tumor","EPPK1","Missense_Mutation"
"B156tumor","LINC02794","Splice_Site"
"B156tumor","FGFR3","Missense_Mutation"
"B156tumor","KMT2D","Splice_Site"
"B156tumor","KMT2D","Nonsense_Mutation"
"B157tumor","FGFR3","Missense_Mutation"
"B157tumor","EPPK1","Missense_Mutation"
"B157tumor","HERC1","Missense_Mutation"
"B175tumor","UBR4","Missense_Mutation"
"B175tumor","MUC4","Missense_Mutation"
"B175tumor","FNDC1","Nonsense_Mutation"
"B175tumor","TNRC18","Splice_Site"
"B175tumor","TNRC18","Missense_Mutation"
"B175tumor","ITPR2","Missense_Mutation"
"B187tumor","DCAF6","Missense_Mutation"
"B187tumor","FSIP2","Missense_Mutation"
"B187tumor","DNAH5","Missense_Mutation"
"B187tumor","HERC1","Missense_Mutation"
"B22tumor","LINC02794","Splice_Site"
"B22tumor","NBPF10","Missense_Mutation"
"B22tumor","FGFR3","Missense_Mutation"
"B24tumor","MUC4","Missense_Mutation"
"B24tumor","FGFR3","Missense_Mutation"
"B24tumor","HYDIN","Missense_Mutation"
"B32tumor","NBPF10","Missense_Mutation"
"B32tumor","FNDC1","Missense_Mutation"
"B32tumor","EPPK1","Missense_Mutation"
"B32tumor","RB1","Splice_Site"
"B32tumor","HERC1","Missense_Mutation"
"B32tumor","TP53","Frame_Shift"
"B39tumor","KMT2D","Nonsense_Mutation"
"B39tumor","HYDIN","Missense_Mutation"
"B39tumor","TP53","Splice_Site"
"B42tumor","UBR4","Missense_Mutation"
"B42tumor","ARID1A","Missense_Mutation"
"B42tumor","DCAF6","Missense_Mutation"
"B42tumor","DNAH5","Missense_Mutation"
"B42tumor","FNDC1","Missense_Mutation"
"B42tumor","ABCA13","Missense_Mutation"
"B42tumor","KMT2D","Missense_Mutation"
"B42tumor","TP53","Missense_Mutation"
"B4tumor","UBR4","Missense_Mutation"
"B4tumor","ARID1A","Frame_Shift"
"B4tumor","NBPF10","Missense_Mutation"
"B4tumor","MUC4","Missense_Mutation"
"B4tumor","TNRC18","Missense_Mutation"
"B4tumor","RB1","Nonsense_Mutation"
"B4tumor","DNAH3","Frame_Shift"
"B4tumor","HYDIN","Missense_Mutation"
"B5tumor","UBR4","Missense_Mutation"
"B5tumor","DCAF6","Missense_Mutation"
"B5tumor","DNAH5","Missense_Mutation"
"B5tumor","EPPK1","Missense_Mutation"
"B5tumor","DNAH3","Missense_Mutation"
"B67tumor","ARID1A","Missense_Mutation"
"B67tumor","FNDC1","Missense_Mutation"
"B67tumor","ABCA13","Missense_Mutation"
"B67tumor","RB1","Nonsense_Mutation"
"B85tumor","NBPF10","Missense_Mutation"
"B85tumor","FSIP2","Missense_Mutation"
"B85tumor","MUC4","Missense_Mutation"
"B85tumor","KMT2D","Missense_Mutation"
"B85tumor","TP53","Missense_Mutation"
"B87tumor","NBPF10","Missense_Mutation"
"B94tumor","NBPF10","Missense_Mutation"
"B94tumor","RB1","Frame_Shift"
"B94tumor","RB1","Missense_Mutation"
